Precision,Recall
0.35926298420680447,0.39009193054136876
