Precision,Recall
0.4444786866119041,0.6666751787538303
